rating,verified_reviews
Love,Love my Echo!
Love,We have only been using Alexa for a couple of days and are having a lot of fun with our new toy. It like having a new household member! We are trying to learn all the different featues and benefits that come with it.
Love,"This is my first digital assistant so I'm giving this a good review. Speaker is really good for the cheap price on Prime day. Fun to play with and can be used as an alarm clock (That's what I was going to get in the first place, but I ended up with Echo). If you haven't had a go with one then definitely try it!What I like best is the number of other devices that it can connect with. My purchase came with a Smart Plug for $10 which I connect my lamp to. Alexa, turn of the lights!"
Love,Love the echo I purchased it for company for my husband he is 83 and Alexa is great all he has to do is say her name and she tells him a joke and plays his favorite songs
Love,I LIKE IT ALL
Love,"We like it all so far, but have a lot to try out yet."
Love,Upgraded from my lilttle echo dot. Happy with sound
Love,Still love it
Love,"I like the fact that I can get any kind of music from Prime that I want on request from Alexa. I liked the informative photo little pamphlet but wish it included how to connect your TV etc. to the commands from Alexa. BUT, I really love having the music."
Love,Great addition to our breakfast room kitchen.  Tunes and information instantly available.  Slowly learning more features.
Love,"Like everything about it. The music, the trivia games, the weather."
Love, 
Love,bought for my wife she loves it
Love,"Very pleased with the Echo 2nd Generation. It is so nice to have Alexa available for music, weather, news, and probably a lot more we haven’t discovered."
Love,Very easy setup.
Love,Great addition to my Echo Plus!
Love,Alexa is amazing! Great speaker.
Love,"Once set up very user friendly. Set-up wasn't as user friendly as I'd hoped.. The alexa app should be able to download to a pc without installing [invasive ] drivers. My wife and I are both retired and she wouldn't have been able to install Alexa, but if my son wasn't supplying her with a smart phone we wouldn't be using Alexa yet."
Love,Works great.
Love,Worked as promised.
Love,Great Product fast shipping
Love,Iove it I bought it for my son because he wanted it and it’s awesome
Love,Started here with Amazon productsAnd I regret nothing is been absolutely great journey and my products continue to improve my day-to-day life
Love,The simplicity of use and setting up.
Love,It works
Love,There's really no dislike for Alexa( dot) I thought cortna was cool but Alexa is an awesome application to the family. Unbelievable device which seems alive. A must get.
Love,"I think I now have 5 of these throughout the house. So convenient to set a timer or check the weather or whatever, wherever."
Love,i love everything
Love,I bought it because everyone was saying how much they love theirs. But I have no need for it. I only used it once. The volume was not loud enough for me when I played music while I was on my treadmill. So I rather use my tower speaker which is 3xs louder.
Love,Wasn't sure if I'd like this product but after having it for a little while I want one in every room! My daughter is constantly asking alexa how to spell words. We've barely tapped into all the things this product is capable of and I'm looking forward to learning all of its capabilities!
Love,Works good.  Microphone is not as good as the better Echo products
Love,Arrived on time and works amazing!!!
Love,WORKS GREAT
Love,Love it!  Works perfectly!
Love,It works just as well as the new version I got as a discount with my Echo speaker. I decided to purchase this version because Amazon states it has the same warranty.
Love,"We love Alexa! We use her to play music, play radio through iTunes, play podcasts through Anypod, and set reminders. We listen to our flash briefing of news and weather every morning. We rely on our custom lists. We like being able to voice control the volume. We're sure we'll continue to find new uses.Sometimes it's a bit frustrating when Alexa doesn't understand what we're saying."
Love,Tried to play certain broadway shows like Camelot and it gives ne the group Camelot.
Love,Love this just wish it had a built in hub
Love,Great technology!! Can't believe the speaker volume and quality is so wonderful. Wish I had bought another one!
Love,The entire family loves Alexa Echo. She’s now a part of this family.
Love,wonderful product and fast delivery!
Love,"I have had for only a week, so I am still learning all that Alexa can do.  It is a learning process.  I love the music I can call up any time.  I listen to podcasts and radio stations.  I have just started keeping shopping lists and grocery lists, which I love.  I don’t have to search for paper and pencil.  Getting time and temperature are great, do not have to wait for weather reports.  The sound is good.  I am not fussy about woofers, tweeters, base , etc.  the Echo is fine for me.  This afternoon I am going to try “dropping in”.on my son when he gets home.  Going to surprise him."
Love,Versatile and fun !!!
Love,Very good quality
Love,Love this!  Have it in the kitchen and works well!
Love,Sure did !! Love it !!
Love,Listen music and set timer
Love,"I already have an Alexa and with Amazon find today I could not resist getting an echo also. It is the best thing I ever did, I use them on each side of the house! And couldn't be happier!"
Love,Got a good deal and works great with Prime.  Setup was a bit of a pain but more the fault of crappy internet service.  Has worked great with nice sound from small speaker.
Love,I love Alexa!  I am surprised how much I use her.
Love,"I have had pure fun with my echo.  Weather, jokes, news briefing, and music but still so much more to use it for.  A lot of fun for the money."
Love,I love it pretty cool.
Love,if you don't have an Echo you definitely need one
Love,"I love the Echo Spot as it is great for checking the weather along with many other things, but most important it works great as your alarm clock in your bedroom!"
Love,Easy setup  Love it!
Love,"This device is perfect for a smart nightstand clock. I love how it dims based on the ambient light in the room. Its the first nightstand clock I have had in my bedroom in years because the lighting and glow from typical alarm clocks bother me when trying to sleep. The screen on this dims when the lights in the room go out and is not bothersome at all.Overall a great addition to my smart home. Its nice to be able to tell Alexa to turn on/off the bedroom lights without even getting out of bed or reaching for your phone. I have a bunch of other Alexa devices, but this was the first one with a screen."
Love,Hands free control
Love,"I got my Echo Spot on Prime Day and love it. I think it still is a little expensive, but the chance to save $30 convinced me to buy it. I basically use it as a radio alarm clock because on my old radio the stations would sometimes not come in clearly. I also like the sleep sounds skill, and hearing the weather. I'm still exploring the other skills...just discovered some Star Trek sounds (Alexa, beam me up) which are fun!"
Love,We bot 2 on Prime day one for use as a clock/radio in the bedroom and one in the family room to control lights and watch the front door when the doorbell rings.  Music sound is very good not as good as the Echo but way better than our Dots.  If we could only buy 1 Amazon device it would be the Spot.
Love,"I don't know why I like it, but I do. It's like an all-in-one alarm clock.  If you have other alexa devices, you know what it is.  If you are looking to get an alarm clock, this is the one to get (yes, its much more than that).  It shows you the time, it shows you the weather, its touch screen, it shows you music lyrics, and it does all the things your typical alexa device does.  It's quite loud for its size as well (sound way better than echo dot).  It also does video calling, which is pretty awesome.  The viewing angle is great, so even if its sitting fairly high up, you can still see the display well enough."
Love,I love love it !
Love,We love the echo spot I use it on my nightstand for alarm clock and play iHeartRadio radio while getting dressed!!
Love,Bought this for our son as his birthday present and he loves it.  Often find him jamming to music in his room now  :)  He loves the options for the alarms and we have his weekday alarms set to repeat and he gets to sleep in on non-school days.
Love,This thing is great. Fantastic alarm clock.
Love,GREAT
Love,Love it!
Love,Still learning to use these things.  They sure are smart!  haha  She started reading a book to me yesterday.  Get one.  I like the way it controls the brightness all by itself when lights are turned off at night.
Love,"Installed on my back porch, works very well!  I did have to get the wall mount for it, which also works well."
Love,I think it can read my mind
Love,Tremendous way to communicate with friends and family all across the country
Love,"This thing is a lot cooler than I thought it would be.  I mostly have used it to read me audiobooks, but I also love that I can see into the camera while I'm at work."
Love,"My wife has been using Skype for years to talk to her parents daily, with constant technical issues.  Since her father is 88, it's a lot to ask the man to uninstall/reinstall/reconfigure Skype, but he does.  When I saw these on sale, I jumped on them.  My wife was resistant to &#34;learn a new technology&#34;, but I told her these just work - like the video phones I saw at the New York World's Fair in 1964 - 54 years ago!Yesterday it set up quickly and worked fine, with no issues.  My wife told her co-worker today and she went out and bought 3 - one for herself and her husband, and one for each set of parents.  It just works, like a telephone - imagine that."
Love,"Alexa Show is amazing. My wife hated that I bought it, thought we didn't need it and after a day she fell in love with Alexa too lol. It is so convenient for setting timers, listening to music, playing music for the dog while im not home, connecting to bluetooth speakers for parties, playing movies. I love it!"
Love,We love it!!  We use it every day and are finding new ways to use it the longer we have it!
Love,"Upgraded from an original Echo on Prime Day and so far I love it. I'm sure I have a long way to go to maximize its utility,  but for now I owe my marked increase in lyrical knowledge to this thing. Who knew Post Malone actually used words?!"
Love,I really love this item!  So much fun!
Love,Just like any other echo. Doesn’t disappoint
Love,As you can see Echo Show is in kitchen. It far exceeds my expectation. There’s a wealth of information about any topic. If is customizable for sound and video. I also have Echo and Echo Dot. You can group them and have hole house music. Still not done exploring all it can do love it. Perfect for getting recipes so you can see them while you’re preparing to cook.
Love,"I haven't had my show very long or used it a lot, but I love it! I use it to set timers when cooking because my stove is being finicky and not wanting to work most of the time. I also use it to check for different recipes, listen to music and my all time favorite.... telling everyone it is time for dinner. My son gets a real kick out of that!I know a lot of people are expecting more out of their shows then it is possible to at the moment, but remember the original echo didn't have what it has now when it first came out. I see that Amazon is adding new stuff all the time and soon I am sure it will have all that we want very soon.... maybe even things we haven't thought of!I do wish it was a bit more user friendly. I still haven't figured out how to video chat with my cousin in North Carolina who also has one, and when I tried to call my son's dot it went to video chat immediately, last I looked, dots don't have video screens!Another thing that needs to be addressed is when my husband tried to have the one in our bedroom play thunderstorm sounds to help him go to sleep, it tried to get him to buy an app instead of playing the skill I had enabled that was free. So now he is a bit worried to use it again. That needs to be fixed.I do have to say that all in all I am very happy with my Echo Show!"
Love,I bought two.  One for me and one for my daughter who lives in another state.  We love it!!
Love,It’s great
Love,"Easy to use. Great for recipes, listen to music, see movies, movie trailers, so much to do...."
Love,"I absolutely love this thing. And I love AMAZON because my Echo Show went bonkers and all it took was a brief chat and Voila, a new one to replace it is on the way. I was floored when the screen started blurring and shaking and jumping and missing part of its data. Alexa still talked but I couldn't watch movies. SO HAPPY that Amazon is so easy to deal with and makes good on its products without any hassle at all."
Love,Starting my day!
Love, 
Love,Plug n Play set up is simple. Added battery base to make it portable. Looking forward to using the hub.
Love,Using as a hub and music.
Love,Love the Echo Plus!! Much better versatility than the first generation Echo. Intercom and voice-controllable smart bulbs are awesome!
Love,Home entertainment.
Love,Love this thing. Easy to setup and  looking forward to adding more smart devices to my home.
Love,I bought this specifically for the smart hub capability. So far it has been great. Easy set up instructions for all the various brands compatible with it.
Love,Coop product many uses including smart devices throughout the home
Love,It is fantastic.
Love,Very easy to hook up. Download the app and it walks you through the setup
Love,It knows everything  we ask it to do. Havent smart hubbed it yet but does exactly as advertised and am very happy with our purchase. Sound quality is excellent also
Love,I love my echo plus!!!
Love,Item as described and delivered on time.  Thank you
Love,"Incredible piece of technology.I have this right center of my living room on an island kitchen counter. The mic and speaker goes in every direction and the quality of the sound is quite good. I connected the Echo via Bluetooth to my Sony soundbar on my TV but find the Echo placement and 360 sound more appealing. It's no audiophile equipment but there is good range and decent bass. The sound is more than adequate for any indoor entertaining and loud enough to bother neighbors in my building. The knob on the top works great for adjusting volume. This is my first Echo device and I would imagine having to press volume buttons (on the Echo 2) a large inconvenience and not as precise. For that alone I would recommend this over the regular Echo (2nd generation).The piece looks quality and is quite sturdy with some weight on it. The rubber material on the bottom has a good grip on the granite counter-- my cat can even rub her scent on it without tipping it over.This order came with a free Philips Hue Bulb which I installed along with an extra one I bought. I put the 2 bulbs into my living room floor lamp, turned on the light, and all I had to do was say &#34;Alexa, connect my devices&#34;. The default names for each bulb was assigned as &#34;First light&#34; and &#34;Second light&#34;, so I can have a dimmer floor lamp if I just turned on/off one of the lights by saying &#34;Alexa, turn off the second light&#34;. In the Alexa app, I created a 'Group' with &#34;First light&#34; and &#34;Second light&#34; and named the group &#34;The light&#34;, so to turn on the lamp with both bulbs shining I just say &#34;Alexa, turn on The light&#34;.I was surprised how easily the bulbs connected to the Echo Plus with its built in hub. I thought I would have to buy a hub bridge to connect to my floor lamp power plug. Apparently there is some technology built directly inside the bulb! I was surprised by that. Awesome.You will feel like Tony Stark on this device. I added quite a few &#34;Skills&#34; like 'Thunderstorm sounds' and 'Quote of the day' . Alexa always loads them up quickly. Adding songs that you hear to specific playlists on Amazon Music is also a great feature.I can go on and on and this is only my second day of ownership.I was lucky to buy this for $100 on Prime Day, but I think for $150 is it pretty expensive considering the Echo 2 is only $100. In my opinion, you will be paying a premium for the Echo Plus and you have to decide if the value is there for you:1) Taller and 360 sound unit.2) Volume knob on top that you spin (I think this is a huge benefit over buttons)3) Built in hub for Hue bulbs. After researching more, there are some cons to this setup if you plan on having more advanced light setups. For me and my floor lamp, it's just perfect.I highly recommend it and will buy an Echo dot for my bedroom now."
Love,Alexa is the best smart speaker out there I'm so glad I came across it the sound is so amazing and I mostly use Amazon Alexa for music and school work help I love to control my room lights and the color totally recommend
Love,Very good quality and you don’t have to yell or be close for it to work and understand you properly
Love,"Besides being fun, it also has many practical aspects--a real bonus for those with vision issues!"
Love,We love this.
Love,I live this item.  I bought several for each room in the house and as a gift for my Mom.  I also use mine to travel with.
Love,Love the TV/movie selection. I really like the fact that I can just rent a movie if they don't have it in their selection.
Love,Works amazing! I love how you can download almost anything. Some apps I couldn’t download on my Apple TV but I was able too on here!!!
Love,It good
Love,Being able to tell it what to go to
Love,Still learning how to use it but like it so far. We played music from YouTube and a couple movies on it. No complaints
Love,Finally bought one but it couldn't find my Wi-Fi. Had to buy a Wi-Fi extended. My smart t.v. used the Wi-Fi just fine.
Love,"This was a replacement of an older version of Fire Stick. I haven't tried the Alexa voice part of this remote yet, but it works great."
Love,Worked as advertised !
Love,"Lovee it! It has evrything I need it, now I cant even get my dad out of my room hahahaha... movie addicts."
Love,Great product. Had a bit of a problem to download kodi but once it is done. You get all the movies Tv programs.
Love,"Love my fire stick and remote, so easy to set up and use. Endless amounts of apps to download! Used it with my smart tv and it’s 100X better than the features smart TVs offer"
Love,Super easy to set up.  Easy to use. Lots of app options available.
Love,Great Purchase
Love,Works like a charm!
Love,Easy to install and use.
Love,"As a user of Chromecast for years I have to say that the Firestick is a nice upgrade. I really like that I can download all the apps for different media sources like HBO, Showtime, etc. that I have free access to from my cable account but with the Firestick I get a better picture and can go directly to the shows I want to see. The downside was the time it took to download all the apps and set them up, but the good thing is that the setup is a onetime procedure."
Love,Turned our old TV into a smart TV. Really easy interface. Have bought 4 now.
Love,"I set her up to play through our home theater system. So fat we are just using her for weather forecasts, cooking timers, and we really enjoy the music!"
Love,Love it! Very helpful
Love,I LOVE ALEXA!! SHE ROCKS!!!
Love,Great product
Love,"We have 3 echos now, even one in the barn, great idea for when I am working with my horse, can still get news flashes & my music!"
Love,Love this!!! My daughter enjoys telling Alexa what to do. Haha
Love,Awesome piece of technology that has simplified my life. Great purchase.
Love,"Makes turning on and off things in the house so simple. Great for little updates as well, like checking the weather and such."
Love,"Been debating on getting one, but am happy I did! Still more to explore. Thanks!"
Love,I love that I can shut the microphone off at night so my children can’t talk to it at bed time and she has an automatic sleep timer for their lullaby music. Not sure how I survived with out this for so long.
Love,small footprint.  nice clarity.
Love,"So far so good.  Not to tech savvy so, I'm still trying to figure out what I can do with it but, it was easy to set up and so far easy to use.  Lots of apps that it can use.  I will have to play with it some more but its fun to have."
Love,Set up was simple. It recognizes my voice well. It seams very intuitive. I am enjoying its ease of use.
Love,"Works as expected. This is our fourth one, our son loves it in his room. Easy to set an alarm and he can play music through it."
Love,Still learning everything she can do.  Good for a room.  Volume is pretty good without an additional speaker
Love,"Love my Alexa! Actually have 3 throughout the house. Favorite function is lists. Great for time management and if course, music."
Love,"I do love these things, i have them running my entire home, TV, all my lights, my thermostat, my front door dead bolt, the cameras... and i love listening to npr. these things are well worth the value and they really shine once you stat adding smart devices and you can control your entire home like its right out of star trek.... I named mine computer to get the feel... but its amazing what you can do with these devices and smart systems."
Love,Love it.. makes the simple things in life simpler
Love,Love my echo. Love playing music in my room
Love,I am in love with alexa
Love,Excellent product !!
Love,love it...just like the other 4 I own.
Love,Really like the availability to get instant music throughout the house.
Love,it takes a while to learn the uses and I'm still learning!
Love,I love it! I use it for everything. It’s a part of my daily routine
Love,Works like a charm.
Love,We put one in the bedroom.  It plays music and tells us the weather.  It also is an alarm to wake us up in the morning.  It is better than a clock radio.  It will play any type of music you want from radio stations or your own favorites.  It can even tell jokes.  I don't know how I got along without it before now.  Amazing.
Love,Love the dot
Love,"I love my new Echo Dot! Right now, I mainly use it to play music at night, but it gets the job done."
Love,Easy to set up and start using.. works as advertised.
Love,"these are additional alexa based devices to make access better from other parts  of our homes rather than trying to shout questions or instructions through out the house, lol. we wouldn't be without alexa for the variety of functions that she performs."
Love,Being able to add speakers is a plus. I take it on my deck when I am outside. Just love it. I have my big Alexia in my bedroom
Love,Awesome device wish I bought one ages ago.
Okay,"Without having a cellphone, I cannot use many of her features. I have an iPad but do not see that of any use.  It IS a great alarm.  If u r almost deaf, you can hear her alarm in the bedroom from out in the living room, so that is reason enough to keep her.It is fun to ask random questions to hear her response.  She does not seem to be very smartbon politics yet."
Okay,"I got a second unit for the bedroom, I was expecting the sounds to be improved but I didnt really see a difference at all.  Overall, not a big improvement over the 1st generation."
Okay,The speakers sound pretty good for being so small and setup is pretty easy.  I bought two and the reason I only rate it a 3 is I have followed the instructions for synching music to both units.  I know I've done it correctly but they won't sync.  That was my primary motivation for purchasing multiple units.
Okay,No different than Apple. To play a specific list of music you must have an Amazon of Spotify “plus/prime/etc” account.  So you must pay to play “your” music.  3 stars for that reason.  Everything else is 👍🏻 .
Okay,like google better
Okay,it's annoying that everything they show Alexa as being able to do has to be downloaded. You spend so  much time trying to figure out how to phrase it for the machine that you may as well just look it up yourself
Okay,"Doesn't know half the things asked. Can't recognize my sprinkler wifi controller, even though product details says it is compatible. Can't program or change my wifi thermostat settings and its matched up on same wifi router. Just a handy music player. That's if you have Amazon Music."
Okay,I like the product except that the speakers are not the high quality I expected
Okay, 
Okay,I don't think the &#34;2nd gen&#34; sounds as good as the 1st.  But it does have an aux out... so you could add an external speaker.  But if you are going to do that why wouldn't you just get a dot?  2nd issue is (which isn't unique to this unit but I don't understand why I can't override the default that prevents you from playing a blue tooth speaker while playing through a &#34;group&#34;.  I get there is a delay when using a BT speaker.  But if the other units are not where they can be heard then I should be able to play as a group while using the BT speaker.
Okay,I like the interaction of asking questions. I don’t like that I can’t ask her to setup schedule of off and on of connected lamp.
Okay,I owned an echo for overa year but the new lacks the easy way to increase or decrease volume without telling it to increase or decrease volume which is hard to do for my wife since English is her second language she was born in korea. But the sound from the echo is superb. So we’ll keep it..
Okay,"I bought this to replace a &#34;Dot&#34; in my living room. Speaker is slightly better. It hears me better over the TV. Unfortunately, it doesn't understand or respond to my requests as well as the Dot. I frequently have to request 2 or 3 times to get it to do what I want. The Dot usually does exactly what I want on the first request. I don't consider it an upgrade."
Okay,"The echo doesn’t come with a built in battery so it has to be plugged in at all times to use it, makes it quite inconvenient."
Okay,Beyond my capabilities to program. Grandkids lve it
Okay,Gift for my man. He doesn’t like that you have to plug it in and the pictures do not show the cord. Would prefer it cordless. Still works though for the purpose we bought it.
Okay,Has weird pauses in her speech pattern that are not present in my other echo devices.
Okay,The speakers arent too loud.. alexa is great though. Besides that naw
Okay,So far so good
Okay,"Started taking on her own! Haven’t used it since I unplugged it that day. No one was talking, my daughter was laying in bed next to be and she just started going on about the movie Moana and completely scared the sh*t out of my daughter now."
Okay,"I love Alexa, but the sound on the dot is not the best. I own an echo 2nd gen for the kitchen/living room and got this for my bedroom, but there’s a SIGNIFICANT difference in sound. The dot lacks a full base sound and sounds as if it’s coming off a cheap portable speaker. I was REALLY disappointed. I returned it right away and just shelled out the money to buy a second echo 2 for my bedroom also."
Okay,Not substitute for the original.  The echo dot performs well but sound quality is poor.  To listen it has to be at the highest level 10.
Okay,I like my uncle. But sometime it goes a little Haywire
Okay,"I received my Echo Dot today in good condition, but be advised: I paid $29.99 for it and Amazon has (as of this writing) raised the price to $39.99, so do your research before buying so you can get a good deal!Set up with the Dot went simple enough — plug it in, follow the app instructions... except initially it took a while to actually show up in my iPhone’s WiFi settings. I called Amazon customer service, and I dunno what it is, but lately I’ve been getting terrible support. The guy that took my call just rambled off a (completely unhelpful) script and I ended up setting up the Dot while he was in the middle of his spiel.I’m not sure if this is the norm or if it’s because this is refurbished, but the Dot has a pretty finicky wifi range and randomly disconnects even though the app shows that the range of my 5GHz connection is strong. Reconnecting is a pain each time as well.All that said, when Alexa works, she works amazingly well. I don’t have a speaker hooked up to it, but one thing I really enjoy is the mic’s range and sensitivity. One of the more annoying limitations of Apple’s Siri is that when she’s playing audio through device speakers (music, podcasts, etc), the “Hey Siri” feature is all but useless. Alexa has no problem hearing me over whatever is playing at the time, and with amazingly fast responsiveness too. I haven’t tried this with louder speakers yet, so I’m not sure if this will continue to hold true.Setting up Alexa to control all my wireless devices was a breeze, albeit with limitations — support for Arlo devices is nil, and if you have special settings for your LED devices (eg. rainbow effects), Alexa can’t handle them, she only knows how to change solid colors and brightness levels.All in all, my rating would’ve been lower had I not gotten a decent price on this item. If the connectivity problems persist, I may have to exchange/return this item. I don’t want to though — Alexa’s kind of growing on me."
Okay,Blue light blinks all the time
Okay,Good sometimes can’t hear well
Okay,Not bad bad speaker for sound
Okay,"I received an Echo as a gift, loved it so much I decided to get the Dot for my bedroom. Both very easy to set up but a big difference in the sound quality. I would still buy it again."
Okay,"It works great, but the reason I'm leaving 3 stars is because it wont play unless it plugged in the whole time. Pretty irritating especially when there is no outlet available."
Okay,Seems to have trouble hearing me when I say the wake word despite being trained to my voice... Wonder if this has something to do with buying it refurbished. Our google home mini has no problems hearing us 😬 and is much louder.
Okay,"Without having a cellphone, I cannot use many of her features. I have an iPad but do not see that of any use.  It IS a great alarm.  If u r almost deaf, you can hear her alarm in the bedroom from out in the living room, so that is reason enough to keep her.It is fun to ask random questions to hear her response.  She does not seem to be very smartbon politics yet."
Okay,"I got a second unit for the bedroom, I was expecting the sounds to be improved but I didnt really see a difference at all.  Overall, not a big improvement over the 1st generation."
Okay,The speakers sound pretty good for being so small and setup is pretty easy.  I bought two and the reason I only rate it a 3 is I have followed the instructions for synching music to both units.  I know I've done it correctly but they won't sync.  That was my primary motivation for purchasing multiple units.
Okay,No different than Apple. To play a specific list of music you must have an Amazon of Spotify “plus/prime/etc” account.  So you must pay to play “your” music.  3 stars for that reason.  Everything else is 👍🏻 .
Okay,like google better
Okay,it's annoying that everything they show Alexa as being able to do has to be downloaded. You spend so  much time trying to figure out how to phrase it for the machine that you may as well just look it up yourself
Okay,"Doesn't know half the things asked. Can't recognize my sprinkler wifi controller, even though product details says it is compatible. Can't program or change my wifi thermostat settings and its matched up on same wifi router. Just a handy music player. That's if you have Amazon Music."
Okay,I like the product except that the speakers are not the high quality I expected
Okay, 
Okay,I don't think the &#34;2nd gen&#34; sounds as good as the 1st.  But it does have an aux out... so you could add an external speaker.  But if you are going to do that why wouldn't you just get a dot?  2nd issue is (which isn't unique to this unit but I don't understand why I can't override the default that prevents you from playing a blue tooth speaker while playing through a &#34;group&#34;.  I get there is a delay when using a BT speaker.  But if the other units are not where they can be heard then I should be able to play as a group while using the BT speaker.
Okay,I like the interaction of asking questions. I don’t like that I can’t ask her to setup schedule of off and on of connected lamp.
Okay,I owned an echo for overa year but the new lacks the easy way to increase or decrease volume without telling it to increase or decrease volume which is hard to do for my wife since English is her second language she was born in korea. But the sound from the echo is superb. So we’ll keep it..
Okay,"I bought this to replace a &#34;Dot&#34; in my living room. Speaker is slightly better. It hears me better over the TV. Unfortunately, it doesn't understand or respond to my requests as well as the Dot. I frequently have to request 2 or 3 times to get it to do what I want. The Dot usually does exactly what I want on the first request. I don't consider it an upgrade."
Okay,"The echo doesn’t come with a built in battery so it has to be plugged in at all times to use it, makes it quite inconvenient."
Okay,Beyond my capabilities to program. Grandkids lve it
Okay,"Part of it is my fault, I thought it could be wireless.  Though for the price, I still feel like it should be. Also the sound quality and volume could be better. I prefer the tap. Unless you really want to have the call options but today most of us have phones, computers or iPads. Just not worth it."
Okay,"Works great as a bedside clock but the microphone for Alexa doesn't work as well as the normal Echo.  Sometimes Alexa doesn't hear me when I try to interrupt her it to give new instructions.  The speaker also isn't as good as the normal Echo.  Screen is small so not really useful for viewing any type of video or for seeing who's at the front door.  But, it's great for the bedside."
Okay,Eh it’s cool and all but also kinda boring I don’t really know what to do with it other than it being a desk clock so 3/5 is about right. I can’t connect to my Spotify unless it’s premium and I’m in college and I’m not paying or that or amazon music so
Okay,I am huge Amazon fan! First to have a kindle and the echo. I waited a bit on this but have wanted it for awhile. I do love it!! My kids love it! They love watching videos and the lyrics to the songs. Now the video calling feature is nothing like how the advertisement made it out. I thought as long as someone would FaceTime me I could do it through that and I can’t. It’s Spot to Spot. Can’t even Skype (which I do often with my aunt). The is my major disappointment with it.
Okay,It won’t receive calls and it’s really hard to call someone who has another echo.
Okay,I do like the product we bought it on Prime day but this week it was $30 cheaper then Prime day. Still a really cool device. I wish I would have waited.
Okay,I think the dot listens better than spot.
Okay,I was hoping for a better clock face to make this an alarm clock replacement .  The display brightness dims too much at night to accomplish this task.The display works well for camera viewing.It is an attractive device. and a decent value at $99
Okay,It was much smaller than I was expecting for the cost.
Okay,"I was contacted by people in India. Were they suppose to charge me $79.00? It was very hard to understand their instructions. They did have control of my computer and network. I, also, bought a Cloud Cam but do not know how to make it work with Alexa."
Okay,"I have the dot and Echo Plus, this one can't seem to &#34;hear&#34; me as well and doesn't do as much as I expected."
Okay,"Sound quality is less than a dot, microphones don't pick me up as well as the other models (i have Echo and Dots).  Picture quality is good"
Okay,"Would be 5 stars if you could turn off the &#34;Things to Try&#34; screen!!!  I should have read up on this before buying the Spot.  Amazon, please update to enable us to turn this off!  It is SO extremely annoying to look over to see the time but instead see &#34;Things to try&#34;."
Okay,"I bought this to replace a Dot in my bedroom. Already have a Show and a couple of full-sized Echo units in my house.The Spot is okay for what it is. Two issues, one minor and one major:-the minor one - why include the huge bezel on the front? Why not take that space and make the display larger? A total waste of usable space.-the major one, also involves the Show: I'm very used to these devices. I don't need to see &#34;Things to Try&#34; whenever I use a voice command with it (even setting it to rotate once starts this crap over again when you dare to actually use the devices). I'm not a child and I don't need to be told a hundred times how to play music on it. And having this on my nightstand and seeing these highly annoying tips is just outrageous for a unit meant to be used next to a bed. Why doesn't Amazon fix this and give us the option to turn this nonsense off? I want to see a clock face, period, not these silly nanny reminders."
Okay,I like it as an Alexa device but its small.
Okay, 
Okay,"This is 1 of 6 echo devices in the house and is currently being deployed as a bedside alarm clock.  I use it basically as an echo dot with a clock attached and may occasionally pull up camera video.  Audio quality and screen quality are really are not appropriate for music or watching video.  Much of the time it works well as alarm clock, but there are some serious flaws, particularly if you are the last one to bed or the first to wake.  It doesn’t seem like the engineers actually tested this in a bedroom with 2 people on different schedules.  Try walking into a dark bedroom with a sleeping wife and waking her up by saying “Alexa set an alarm for 5am” and then having Alexa repeat “OK alarm set for 5am.”  Not good.  I suppose you could whisper then fumble for the volume down button but that is stupid.  Plain and simple, this device needs to be brought into the 1990’s and have simple touch screen interface added to set an alarm.  I know there is a cumbersome interface for these situations where one can set an alarm from the alexa app on your phone.  No thanks, if I’m picking up my phone to set an alarm I will just use its built in alarm and save a step.  At least the engineers allow the alarm to be turned off from the touch screen, so for example if you wake up a few minutes early you can cancel the alarm without speaking and waking your spouse.  The interface for using the touch screen to cancel an alarm that has gone off is however not great.  There should be separate snooze and cancel buttons.  Currently a touch snoozes and a swipe cancels.  It is too easy when half awake to snooze when you think you have cancelled.  When the snoozed alarm goes off a few minutes later, my not amused and no longer sleeping wife will let me know by summoning Alexa to turn off the bathroom lights while I’m in the shower."
Okay,"It seems to work well.  Unfortunately a lot of the functionality is lost because, as many have mentioned, it does not work with google or Youtube any more.  This problem is caused by Google because they came up with their own devices an no longer allow access from other devices like these.  This even effected my smart TV.  Anyhow we purchased a few of these to communicate with our children and grandchildren so we'll see what happens when we hand them out."
Okay,"Prime day pricing was good, but the show is very limited.  No video services available except Amazon Video.  No Netflix or YouTube.  Alexa is very limited also, not nearly as useful as Google."
Okay,"The Echo Show is ok, however the constant suggestions about what to ask Alexa are sooooo annoying and there is no way to eliminate it. Also, I thought I could have the weather for an area displayed continuously,  but I have to talk to Alexa, which I don't want to do in the middle of the night. Had I payed full price it would have been returned. There are other features that are nice, but I may never use them."
Okay,You can't access YouTube! Why do consumer's have to pay for this argument! Why can't we just have a good product that offers what we need?
Okay,It does not pick up my voice unless I yell most times.
Okay,"Seems to be a good product but, unable to play music in sync with my Sonos system. Sonos doesn't seem to recognize it at all."
Okay,"After two weeks I am not sure if I like the ever present Alexa to have a screen as well.  I bought it to be a abay monitor combined with a wifi camera, and that works.  But the screen is always on unless you tell it to turn it off - instead of just a talking cylinder you now have a mini screen that not only talks to you but also writes out everything it says or shows accompanying video.  There is something about only audio that made Alexa different, no I some ways it is a TV that you can talk to."
Okay,"I bought it to go with my security camera system, but it did not perform like I thought it would. It doesn't alert us when someone is at the door. Also, I can't talk to the person at the door through the echo show, only through my cell phone."
Okay,"I love Alexa and when I had the chance to add Show to my home... I jumped at it.  But... I'm a member and my Show doesn't know I paid for the extras with my Echo (now in the upstairs bedroom.  If I am supposed to pay more for having Show added to my home, then I'm afraid to ask &#34;What's the point?&#34;"
Okay,"The ability to respond with the accuracy and variety of information provided by Google search has spoiled me.I had originally expected to see that the same type of search engine in the Echo.Not so, the ability of Alexa to provide such detailed information is not part of the package.Perhaps improvements are in the offing with further updates."
Okay,"I like the weather options but Alexa search compacity needs improvement. She aint no Google. Alexa gets our requests probably around 20% of the time. Currently Alexa doesn't do YouTube either. This is a huge drawback and why The echo show dropped in price.  International radio via tune in is awesome but again her search engine, its like pulling teeth to get to anything."
Okay,"I like the option for white, but it’s bizarre that it comes with a black cord. I have a white kitchen, so now I have this stands-out-like-a-sore-thumb black power cord. For aesthetic purposes, I was happier with my year-old white Echo (not Show) because it came with a white powercord. This seems like a major design flaw in the “white” option. I strongly urge Amazon to change out the powercord to white."
Okay,"If you belong to amazon prime, I would think that you could watch any video on it that was in the library.  You can with prime music"
Okay,"It's an echo with a screen, hence still needs work. Has me considering google home now."
Okay,Nice product but as intelligent as we thought or had hoped.
Okay,It doesn’t play you tube videos
Okay,"Was working great útil 1 week algo, í have it for a month, but it started flickering,  and in the support forums they say it is a known isue,  but it has more the 4 months reported and There is no solución."
Okay,"Still need more AI built into it to interact better. It needs to continue the conversation sometimes if the finding / answer needs to be right. You can't keep stop Alexa and ask again and again. Also, it should be able to access the wikipedia, dictionary in many areas with better and fast access.Needs to hear us better. Also, we should be able to name it on our own instead calling Alexa or Echo. Price can be reduced a bit (value based) and updates should be auto and daily to improve it.  Connectivity to other home equipment can be imrproved as well.Good product with good sound quality, but needs more AI built in."
Okay,I don'r know how to use it yet.  Need more explicit directions for the electeonically challenged.  I did not get the feee lifht bulb that was part of the package.
Okay,I try use with yale lock but isn’t work
Okay,IT SEEMS TO BE OK BUT THE INSTRUCTIONS ARE WEAK AND I CAN NOT SEEM TO GET IT TO WORK. I AM GOING TO GET MY TECHY FRIEND TO HELP ME OUT AND I WILL UPDATE YOU LATER
Okay,I like the list ability and the music I can play.  I do not like that I can not create a playlist without using the app and even then Alexa will not play my songs I have to do it through my tablet or phone.  I also do not like that Alex can not print again it has to be done through the app.
Okay,"Although this is my second echo device, I am still very disappointed that there is almost no documentation/instructions as to the many functions of the device.  I purchased becausse of the sound quality, but only found out it has bluetooth capabilities last night by accident.  There needs to be a manual that details all of the functionality of the device.  Or at least point out where it can be found..."
Okay,"Sounds well and we find it useful overall but it can be frustrating when it doesn’t respond or you forget the correct command.  “Alexa, turn on the living room lights”.  Oops I mean “Alexa turn on the family room lights”. I also never realized I call my couch a sofa some times.  Unfortunately my Alexa is confused by my changing names for where I sit."
Okay,Although I haven't taken advantage of many of the Echo's features there is one that bothers me. It starts talking even when I haven't said anything even close to the wake up word - ECHO - had to change from Alexa due to a conflict with another device.
Okay,"Mic hears everything but only understands about half the first time, it often takes multiple tries until it gives the correct result."
Okay,Doesn't seem to hear as well as my 2nd Generation Echo and WHY is there no volume buttons on it?!
Okay,The built in hub lacks some of the features (geo fencing) of the Phillips hub.  Otherwise would have given it 5 stars.
Okay, 
Okay,I can't get multiple profiles working. It just spins when adding a 2nd user at pass device prompt
Okay,"Device is touted as able to link to calendar on my Samsung phone through google, can't get it to work"
Okay,"We are a long time Amazon Prime family, many years, but new to the Alexa world and thought the purchase of Alexa Plus, with hub, and included Phillips Hue light bulb would be a great start. Alexa does a lot of good things for us like Alarm in the morning, verbalize books, playing music on command, even linked to my Sirrius/xm account. Good daily stuff. Good sound, but not Bose. But, the ads say &#34;Hub included&#34; so don't need anything else to operate devices. Well, not so. I understand there will be some differences in product device  support. The fact that it came with the Hue light bulb works only for on /off/ dimming of the bulb. The bulb is capable of so much more with the Hue App but the Hue app does not recognize Alexa hub as a bridge. So, it appears you do have to get a Philips bridge to set the bulbs for scenes, time the lights when you are away, set color tones, etc. That can all be done via internet with your phone or tablet away from home. The list goes on for its capabilities but not without its own bridge. Was very disappointed to find that out after the fact, to the point I feel we are being misled by Amazon by included the Hue bulbs without explanation. Maybe throw a good discount my way to get the Hue bridge if I keep the Echo Plus before I invest in more light bulbs."
Okay,"I was suppose to get the “free” lightbulb with purchase. It did not come with Echo. Upon reading more carefully, it says to click a box to receive free bulb. 😳 of course I want the free bulb, who wouldn’t? Just a sneaky way for them to get out of having to give so many “ free”  bulbs away. Disappointed!  I have yet to set up my echo, our first purchase on any alexia device. Debating if we want to keep it. It did come quickly with my prime membership."
Okay,"Pros- plenty loud for a large room with high ceilings.Cons - the hub doesn’t do anything.  It doesn’t work with z wave (as it states), it doesn’t take voice commands for SmartThings, which I had to buy since the hub doesn’t work for z wave.It also sounds muffled and there is no way to control the EQ. (Not sure if that is on all models, but the Dots we have are clear.For the money, buy an echo dot or echo (2nd generation).  The echo dot takes voice commands for the smart things hub, go figure, and the audio is clear. The dot also seems to hear my voice better and almost at a whisper."
Okay,"Alexa is a decent speaker if that's all you need. She is terrible at most other things. She consistently answers questions that were not asked or says &#34;hmmm I don't know that&#34; for everything else. We've gone back to just using our phones because she can't really look anything up. Pretty much everyone makes fun of me for spending money on this when I had an awesome Bose bluetooth already. I bought her because my mother (who lives alone) uses hers a lot and is happy with it, but we have a full house with kids and I'm less than impressed. I'd never recommend it to anyone except for senior citizens who love alone and need to be able to shout out for help in the event of a fall."
Okay, 
Okay,This is the best Amazon speaker with Alexa in it.  But if you’re thinking it’s a good smart hub you’re wrong. Are you can do is connect your smart lights and devices to it and tell Alexa to Turn them on and off. That’s it! You’re better off buying separate hubs so you have more control of your devices.
Okay, 
Okay,Great buy at $20!
Okay,Its ok... my home screen on my fire stick is not working on my television. So by that not working...Alexa will not respond to any questions or commands....I'm going to reach out to Amazon this weekend.
Okay,Netflix and Hulu
Okay,Works very well for Amazon and Netflix but will not a let all viewing platforms like VUDU. It also will shut down if HULU is played for more than a couple minutes and yes I have it directly plugged into the wall so low power source is not an issue (even checked outlet voltage) an issue which is typically the answer you get for that issue.over all the quality of the picture is quiet well and is a user friendly platform to use If they would fix those two issues I would have one on every tv in the house but as it sits this will be our only one. to bad to because I relay like amazon products and having Alexa is always nice
Okay,That it doesn’t turn my television on or off.
Okay,I feel that the voice feature is useless. Lots of channels to stream though.
Okay,The speaker could be better...
Okay,"It won’t work as a blue tooth speaker with my tv,it connects but won’t work"
Okay,its okay but keeps dropping wifi!
Okay,"I bought this for my healing room.  I play continuous spa like music. Although Alexa knows the type of music needed, the device does not deliver quality sound it sounds muffled.  I didn't know I had to buy speakers too."
Okay,"Hard to hear, had to blue tooth it to a better speaker."
Okay,"No problems, works as expected. Could have a better speaker."
Okay, 
Okay,"I jumped on the bandwagon by purchasing an Echo.  I feel like there was a struggle getting connected and then three days later, the device is sharing news and weather.  Now we use it some, but have not tapped in to all options.  Still testing it out."
Okay,Speaker could be better qualty
Okay,Not impressed
Okay,Alexa is pretty basic and almost like a toy. Shouldn't have been released into the market without proper development. Speech recognition fails to understand basic American and British Accent.The music it can play is very restrictive. Speech isn't refined in a way that we understand a (almost a) human is speaking. Linking to Youtube via amazon web services doesn't work.
Okay,Love the product but dislike that I can’t sync up my Apple Music for Alexa to play
Okay,"The sound quality wasn’t great, but it was inexpensive"
Okay,It works OK. This speaker quality is not much better than my iPhone X. I would spend the extra money to get the full-size echo which has great sound quality.
Okay,The commands Alexa requires are too specific.  I find Google home to be much more flexible in figuring out what I'm asking for.
Okay,"I like the Echo, but not sure about the Dot.  I use it a lot for music and Audio books.The sound quality of this smaller Echo is nowhere near the quality of the full sized model.  I haven't decided if I'll keep it or not!"
Okay,"Got this for my 2nd Echo in the house, I already have the regular Echo.  The Echo Dot was easy to set up but the sound is not enjoyable, wishing I would have just gone with another regular Echo solely based on sound."
Okay,Alexa seems to get dumber and less useful all the time
Okay,Works well. Just disappointed with the speaker quality. But hooked it up to old computer speakers.
Okay,I was hoping the cord was white also. Otherwise it is fine.
Okay, 
Okay,I dislike that it confuses my requests all the time.
Okay, 
Okay,The speaker could be better...
Okay,"It won’t work as a blue tooth speaker with my tv,it connects but won’t work"
Okay,its okay but keeps dropping wifi!
Okay,"I bought this for my healing room.  I play continuous spa like music. Although Alexa knows the type of music needed, the device does not deliver quality sound it sounds muffled.  I didn't know I had to buy speakers too."
Okay,"Hard to hear, had to blue tooth it to a better speaker."
Okay,"No problems, works as expected. Could have a better speaker."
Okay, 
Okay,"I jumped on the bandwagon by purchasing an Echo.  I feel like there was a struggle getting connected and then three days later, the device is sharing news and weather.  Now we use it some, but have not tapped in to all options.  Still testing it out."
Okay,Speaker could be better qualty
Okay,Not impressed
Okay,Alexa is pretty basic and almost like a toy. Shouldn't have been released into the market without proper development. Speech recognition fails to understand basic American and British Accent.The music it can play is very restrictive. Speech isn't refined in a way that we understand a (almost a) human is speaking. Linking to Youtube via amazon web services doesn't work.
Okay,Love the product but dislike that I can’t sync up my Apple Music for Alexa to play
Okay,"The sound quality wasn’t great, but it was inexpensive"
Okay,It works OK. This speaker quality is not much better than my iPhone X. I would spend the extra money to get the full-size echo which has great sound quality.
Okay,The commands Alexa requires are too specific.  I find Google home to be much more flexible in figuring out what I'm asking for.
Okay,"I like the Echo, but not sure about the Dot.  I use it a lot for music and Audio books.The sound quality of this smaller Echo is nowhere near the quality of the full sized model.  I haven't decided if I'll keep it or not!"
Okay,"Got this for my 2nd Echo in the house, I already have the regular Echo.  The Echo Dot was easy to set up but the sound is not enjoyable, wishing I would have just gone with another regular Echo solely based on sound."
Okay,Alexa seems to get dumber and less useful all the time
Okay,Works well. Just disappointed with the speaker quality. But hooked it up to old computer speakers.
Okay,I was hoping the cord was white also. Otherwise it is fine.
Okay, 
Okay,I dislike that it confuses my requests all the time.
Okay, 
Hate,Not much features.
Hate,"Stopped working after 2 weeks ,didn't follow commands!? Really fun when it was working?"
Hate,Alexa hardly came on..
Hate,Item no longer works after just 5 months of use. Will not connect to wifi and unresponsive to reset requests.
Hate,This thing barely works. You have to select 3rd party apps to do stuff you'd think it could do out of the box. I'm sending mine back asap. Waste of money.
Hate,I returned 2 Echo Dots & am only getting refund for 1. I returned 2 in one package. I want my refunds for both of them. They are in the same package. Can you not see them both???!!!
Hate,not working
Hate,I'm an Echo fan but this one did not work
Hate, 
Hate,It worked for a month or so then it stopped. I've tried everything to try and make it work but nothing is working. I want a refund
Hate,"Never could get it to work. A techie friend looked at it for me and said the adapter wasn't strong enough to power it and that it looked like it had been bought at a dollar store. So, I am going to replace the adapter and hope it works then."
Hate,"I bought an echo dot that had been refurbished but its stops whatever function its performing quite often, doesn't wake up every time, randomly turns on but does nothing. Do not buy a refurbished Echo dot."
Hate,Dont trust this....
Hate, 
Hate,I wanted to use these as a radio and intercom as we get terrible fm reception where i live.  The speech recognition software is horrible.  My wife and i both are native Americans whose language is English she is from the north i am from Texas  neither have an accent from our birth area and yet it does not do a good job understanding us.  We bought two they do the same thing.  Additionally wifi reception was poor to marginal. I had to buy Wifi range extender for office and the other is ten feet from our router.  Both had problems Switched them around no difference.  So it they are now disconnected dust collectors.
Hate,Item has never worked. Out of box it is broken. Spent several days trying to get it working and running same &#34;fixes&#34; from Amazon. The only thing accomplished is I will never order another refurbished device.
Hate,Great product but returning for new Alexa Dot.  Refurbished is already giving me problems with connection.
Hate,"&#34;NEVER BUY CERTIFIED AND REFURBISHED ECHO DOT &#34; I bought a &#34;Certified and Refurbished &#34; Echo Dot. This unit is very poor in receiving command and sometimes it does not even acknowledge the command. Never buy a refurbished Echo dot. The unit I received was probably never was certified and refurbished as indicated. I also bought a new ECHO dot, it works perfectly.Very disappointed !!!!"
Hate,"This item did not work. Certified refurbished should mean it works as advertised. Instead this item crashed as soon as I turned it on and plugged it in. When trying to connect from my phone to the echo dot, it crashed, over and over. Not only would it disconnect but the orange light would freeze and then the thing would reboot with the blue light. Alexa would tell me it’s ready to connect and freeze mid sentence. Tried holding the action button for 5 seconds and it didn’t do anything. Returning immediately and hope they actually fix this item when the next buyer purchases it."
Hate,Does not work all the time
Hate,I've already returned it.
Hate,"Now I'm weary about these picking up conversations when you are not actively using them - heard about this happening on the news.  I have 3-4, so this is very concerning.  I wish Amazon would release something widespread  or push some firmware to prevent this.  If they have, I have not heard about it yet."
Hate,"There was something wrong with the first one that no even the rep I spoke with could fix. The replacement was registered to someone else. When the price of the Dot went down to $39.99 (same price as the refurbished ones), I bought a brand, spanking new one. No problem with the new one."
Hate,"Two weeks after setting it up it no longer works.  No connection, no light, no sound.  I guess I shouldn't have purchased a refurbished Dot."
Hate,Not good at all!
Hate,"This is the worst Amazon purchase I have made. I am big Amazon fan...love the brand...unlimited digital music...prime videos...even buy my online games, music, and movies through Amazon. This app I have tried to use it make simple purchases -- to do anything. It is useless."
Hate,cant seem to get this thing to sink with my wireless not sure If I will be returning it will try one more time.
Hate,product stopped working after return time ran out
Hate,"Stopped working after 7 months. The warranty was only good for 3 months. I would have assumed an amazon product sold on amazon would have had higher standards than guaranteeing that it would work for 3 whole months. I mean what is this product supposed to be, a piece of junk?They offered my a 15% discount if I wanted to buy another one. Why would I want to buy another one?"
Hate,Bought this for my son and it didn’t work. He had to return it.
Hate,Bought 2 and both quit connecting to wifi and responding to voice within 9 months. Hard and soft reset will not fix the problem.
Hate,"Very bad this device, I don’t know if it’s because is refurbished or what but it activated by itself , nobody is talking and he just activated and start talking. When you talk you have to yell super lauded"
Hate,So far not impressed at all. Does not save groups correctly can not understand me most of the time I'm not sure what the excitement is all about. Alexas voice sounds like it's under water how am I supposed to understand!!!!I'm going to return and try a google home!!!
Hate,"great product, but useless overall. Too many unnecessary features. Unless you have a smart home you don't need it"
Hate,I cant figure out how to use it.
Hate,All the new Amazon products I have are great everything I bought refurbished is complete garbage. I will never purchase Amazon refurbished again total dissatisfaction
Hate,Extremely low in volume
Hate,"Brought to replace one that I moved and doesn't have the same range as my previous (non refurbished) unit. It would seldom be able to find the Wi-Fi and couldn't connect. Got tired of hearing the message (&#34;trouble connecting...check the Alexa app...&#34;) and just unplugged it. I went through the troubleshooting and reconnected it several times, it's just not as strong."
Hate,"If you want to listen to music and have it come through several of the Echo/Dot units simultaneously, YOU MUST PAY A MONTHLY FEE. I thought this was Amazon, not Apple??!! I’ve paid for many of these so I could have one in each room, is that not enough of my money??!!??"
Hate,Eh. It’s works on and off. Half the time it does not respond when you say wake up name. Other then that works fine
Hate,"I wanted a white dot for my white bathroom.  The top is black as shown, which I knew, but I did not realize the cord and plug were also black. I wanted a white cord and plug."
Hate,I set up the Echo Dot and it worked for an hour and then died completely. DO NOT BUY refurbished!!!! I sent back for return the day after I received.
Hate,This Echo Dot is horrible. The volume on my phone is louder than than this device. My boss has one at this is not the case
Hate,The first one quit working shortly after I got it. The next one becomes unresponsive to my voice at times and the only way to get it to work is through the app. I am not sure if it just this Dot or they are all this way.
Hate,Device was not working. Followed all instructions for Alexa echo dot and it did not come on. Very upsetting.
Hate,Sent it back due to crackling noise and turning itself off and on - but what can you expect with a refurbished item?
Hate,Not much features.
Hate,"Stopped working after 2 weeks ,didn't follow commands!? Really fun when it was working?"
Hate,Alexa hardly came on..
Hate,It is very slow compared to the echo
Hate, 
Hate, 
Hate,I returnef this item because it does not speak Spanish
Hate, 
Hate,"When we first received this product, it was great.  However, about a week ago, the device served up a video advertisement around 10:30pm at night and scared myself and my family.  If you want to make sure you are protected and don't allow video directly in your home, the spot is not a device that can keep you safe."
Hate, 
Hate,After only a couple of days Alexa did not answer. I have disconnected and will see if it does any better after reconnecting.
Hate,"This product currently has two related software flaws that make it completely unusable:1) There is a &#34;card&#34; on the homescreen called &#34;Things To Try&#34; -- it's an ad for other Alexa services you can try. You can turn off all the other homescreen cards, but not this one.2) By default, the homescreen cards &#34;cycle&#34; automatically, which is incredibly annoying. There is a setting where you can opt to have the cards only &#34;cycle once&#34; instead of &#34;cycle continuously&#34;, but critically *this setting does not work*. My unit has been set to &#34;cycle once&#34;, and the cards still continue to cycle all the time. Have rebooted the device, re-set, etc etc.Until these two obvious software issues are fixed, in my opinion the product is useless."
Hate,You need a Harvard law degree to operate this thing! It's going back very soon!
Hate,I would love this but there is no way to stop the screen from constantly scrolling through “things to try”. If Amazon would make this a setting I would change my review to 5 stars.
Hate,"Great product and I would give 5 stars - but you can't scroll face cards without having the stupid &#34;try and ask Alexa&#34; suggestions pop up.  Yes you can have it scroll once, and just stay on the clock, but I like having other cards as well. God its the worst and SO irritating.  I got it super cheap, so i just face the screen toward the wall and treat it like a Dot instead of a Spot.  What a dumb move on Amazons​ part."
Hate,"This product is a complete waste of money. When you ask Alexa a question ""she"" either doesn't know the answer, gives you the wrong answer or finds information off of Wikipedia!"
Hate,"Great product EXCEPT there is no possible way for it to act as a clock the displays the time PERMANENTLY.  When in 'Clock' mode, the screen rotates between the clock face and a 'Things to Try' screen.  I intended on buying several units for my house, but I do not need a screen in the house that is permanently trying to upset me.  Acting as clock should be a BASIC feature of the Echo Spot.  How could you get this wrong, Amazon??  #FAIL"
Hate,Not happy with the Spot.  Reset numerous times.  Seems to be in slow mode.  Have to be practically on top of it for it to hear me.  Even after talking with support I still do not have “themes” in the menu to choose from!
Hate,Product forces user to review Alexa Things to Try. There is no way to disable it.
Hate,"Can’t be used as a baby monitor which is why I had purchased it.  I didn’t realize this until I read the reviews on the Alexa skill for syncing the Nest Cam.  Considering all of the poor reviews and the fact that it should be simple to fix, surprised Amazon hasn’t upgraded the software to allow more than 39 minutes of viewing or alerts like you get on the Nest app."
Hate,"I own 3 of these...  amazon is ignoring its customers and using these devices as a marketing tool.  You can customize the screen contents, but you cannot turn off there advertising, Things to Try...  People will suggest that you can, but you can only do so if you turn off all content changes which is not an acceptable option.Moreover, they should increase the size slightly, and improve the audio speaker.  That would give you a 5 star device.Right now i’m debating whether to return all 3 devices.  My wife says we should."
Hate,Disconnects often
Hate,Get rid of the &#34;Thongs To Try&#34; screen!!!!!!!!!! Numb nuts!!!!!
Hate,Can't turn of &#34;things to try&#34; on the screen scroll. This  is a big promotion device for Amazon.  Packing it up and sending it back.  They really want to get in our heads.  Enough already.
Hate,"The product is attractive and somewhat useful, BUT, Amazon chose to force users to view their “things to try” and Trending”.  This greatly depreciates the value of the product.  Do not buy unless you are willing to view a billboard from Amazon."
Hate,Bought the spot and loved it. Within months it started acting funny and would stop working—called and they determined that it was overheating. I was told to unplug and technical support would call within 24-48 hours. Waited 48 hours without response and replied to email and was asked to wait a week. A week goes by with absolutely no response so I do the inline chat per instructions. Told to wait longer. REALLY????  Unacceptable—expected more from Amazon. Find it funny how they always thank me for being a Prime member but when an issue arises I cannot even get assistance.
Hate,For the size of the screen this thing should be $25
Hate,Invasive and scared the crap out of me for speaking when it was not spoken to! CREAPY AF
Hate, 
Hate,"I love the product , but very disappointed once I  realized I can no longer play youtube videos.  I'm now past my 30 days return date.  I am realizing I now have an expensive alarm clock.  I am hoping youtube comes back.  I was looking to buy an echo show for the kitchen during prime day. Glad I didn't."
Hate,Waste of money over the echo generation 2.  You don’t really get anything more from a video chat on this device then you would on FaceTime or Skype and it does not cycle through your pictures when you put it on slideshow mode it sticks on the first photo and will not leave it no matter what you do I have even looked online to research articles and cannot find a solution.  I have also had problems with this device shutting down and I have not had these problems on any of the other echo devices.  Price difference is just not worth it
Hate, 
Hate,"Don't waste your money.  I own an echo gen 1, and echo gen 2 and a dot. They all do a far better job of voice recognition that the Echo Show.  In fact, it is so bad that it is virtually useless.  Also, the speaker is incredibly bass heavy....so much so that it is hard to understand voices.  I've worked to adjust the bass and punch the mids and treble, but it still sounds awful.  Finally, the screen just doesn't add much.  I can't see if from across the room, it rarely activates in any meaningful way, and when it doesn't, it is more of a distraction than a help.(Using FaceTime is so much more practicalthan using the Show.) I'm surprised Amazon didn't make this a little more useful than it is.  Perhaps in the future, but for now, it is a waste of time and money."
Hate,I have been through 4 Shows now.  And ALL OF THEM HAVE BEEN BROKEN.  It has been anything from screens that lose lines of resolution to timers and reminders going off an hour late or reminders that trigger when trying to set other reminders.  I don't have these issues on my Dot or my Echo.  Just on the Show.  It would be nice if Amazon could get there act together and actually fix this thing.
Hate,Fire HD does so much more.  Over priced pair of speakers.
Hate,"Very intrusive, so I turn it off"
Hate, 
Hate,The way the music sounds is poor quality
Hate,It f****** sucks
Hate,"Always wanted one,till I got one, it's not at all what it's cracked up to be, it's hard to navigate I actually like the dot better."
Hate,Returned from repair with No repair done. It has a problem which requires it to be on for a while for the defective part to show itself.I sent it for repair and got it back without being fixed.  The site gives no option to complain from the page.I have a echo spot which works perfectly in the same position.
Hate,"Great device, features are awesome, the interaction is fantastic. Home automation works perfect if you link up your accounts correctly. My only issue is out of (4) Echo Shows (2) of them have been sent off for repair because of the screen glitching!! These are less than 3 months old and already having issues!First repairs were sent off and they “updated the firmware” when I got the device back nothing worked, I had to update to the newest firmware for it to work again. Then (2) weeks later the glitch starts up again!I love the show but I’m getting really frustrated with the glitching."
Hate,"I bought this product hoping that Alexa would be pretty well developed and far enough along, therefore expecting her to be responsive. This $100 piece of crap doesnt even know how to respond to a question that amazon themselves told me to ask her. (Echo buttons manual, see Step 3.) The device has potential given it has a big screen, decent sound but for 200 bucks, I would never reccomend it. Even for the $100 I spent, I feel like I got shorted. Oh and lastly, the device is pretty useless without a prime membership. I linked my personal account to it and the thing was literally a decorated bluetooth speaker. I went on the family account (this one) and got it to work minimal. Oh, and even with our prime membership, you have to have a music pass or something that's an extra 3.99 a month, leaving this item a subscription nightmare, and a overpriced, decorated bluetooth speaker in my eyes. I would give it zero stars if I could."
Hate,"Our family bought several of these to help communicate with older parents and grandparents who need simpler devices than a full-fledged tablet.  What fantastic potential these have - for digital photo screen, video calls, easy accesss to music, audio books, etc. However, once we have them setup, we discovered the huge lurking negative.  Amazon forces you to view continous spam on the home screen promoting all their Alexa features.  You can turn off many other things in settins, but you cannot turn off &#34;Things to Try&#34;.  Instead of a beautiful digital photo screen with weather and time ... we now constantly have a spam ad across the home screen that says, &#34;Try ......&#34;.  AMAZON, please listen to your customers and offer a setting to turn off this SPAM!"
Hate,No YouTube
Hate,"Works fine, I just realize I don’t need this because I don’t use it."
Hate,The tech isn’t there. It doesn’t understand most common words and is basically a glorified radio
Hate,The sound on these is terrible. It’s like a tin can. I love my echo but this item is awful.
Hate,Alexa didn’t know answers to many questions we asked. For example we asked how many cups in a pound and she said a pound is a form of money
Hate,no habla espanol
Hate,no it is broke and I can't get help fixing or replacing it
Hate,Terrible. Stopped working after one day.
Hate,"It does not speak in Spanish,,,I bought it for my grandmother to have someone to talk to when I’m not around,,,,,no Spanish!"
Hate,"I am so disappointed in this product.  I tried to install two different units and neither one of them were successfully completed.  Hours with Amazon technicians.. resetting each of them.  The app didn't connect the Echo Plus to the internet connection.  Tried using the application on a phone, a tablet and on a Chromebook... No luck.  There are no clean directions on the application.  Probably sending this back to Amazon..mark this as Not ready for prime time."
Hate,The alexa is awesome but when i rcieved the light buld i did not know that u need another adapter to have the light buld to work. I was not aware of that.  Disappointed
Hate,The echo part works fine.  The hue hub is a disaster.  It worked for a few months and then nothing.  I spent 2 hours on the phone with tech support one =y to have to send it in for repair.  I am now trying to reconnect my lights.  What a pain.  I am having to reset each light bulb.  It can take up to 5 times to get it to reset.  I have spent hours on this.  I will say customer service was friendly and tried to be helpful.  Stick with the echo and smart plugs for lamps.
Hate,It was supposed to come with a free Hue lightbulb on Amazon Prime Day.  No light bulb arrived.  False advertising!
Hate,Haven't had it a week and already it cannot connect to my network. Tried reconnecting manually and the echo never appears in the list of devices to connect. It will be on it's way back to Amazon
Hate,"I'll be returning it.  It's been nothing but annoying.  The hub can't be turned off if not needed and it interferes with my Hue Bridge.  I can't even install Philips lights with it unless I unplug it to do so.  There are plenty of other reviews that go in depth with the issues.  Bottom line is it sucks as a hub.  It doesn't support z-wave and zigbee (which in fairness I knew in advance), but when the one protocol it does support doesn't do many functions that a dedicated one will, what's the point?  I noticed right away that my Philips Hue Bridge supports firmware upgrades to the light bulbs themselves and this doesn't.  I found that rather interesting."
Hate,I am not tec smart enough to make it work at all. Will send it back if I cant get help. My eco dot works just fine. this is too complacated.I just wanted a bigger speaker.
Hate,Product does not.  Light bar never went orange.  I googled it and reset instructions actually differ from package instructions. I tried both.  Product is defective
Hate,received the wrong product...was so excited to install it ...all excitement gone. Thank you Amazon.
Hate,"I only purchase the echo plus because it has a built in hub and came with the free philips hue bulb.  When I got everything set up, I realized the echo plus hub won’t allow full functionality of the bulb.  All it does is turn the light on/off and dim.  It will not change colors.  You still have to have a Hue Bridge to have full function of all the features of the bulb.  I wish I’d bought the bulb and bridge separately to use with the echo I already had since the built in hub on this echo will essentially be useless and I’ll have to buy the hue bridge to get the full benefit of the lights."
Hate,I bought this for myself and i didn’t realize it had to be plugged in just to work. It isn’t convenient to make them always have to connect to a wall. It should’ve been more clear when i bought it.
Hate, 
Hate,"I would like to tell you that I have a reason to hate it like the speakers suck, or the color, or the shape or even the way it smells, but I can honestly say the number reason I hate this device is I have tried to set it up 3x's now to no avail, I have 4 other Echo devices already that I set up and use quite regularly, I have reset my phone (Galaxy S8), checked the app for updates, I have cycled power to the Echo unit with each attempt. I work in the network/technology industry for a living and have for over 20 years now, so lack of experience or knowledge is not the problem here. I used the app and the device even tells me it is connected and to follow the app to continue set up, the set up screen just continues to roll the 3 dots around the screen for about 5 minutes before the app locks up on my phone and I have to force the app to close, restart my phone and the Echo and try again. I figured 3x's was enough, it shouldn't be that hard a techie, I can only imagine how bad this will prove to be for people whom have no clue about technology....I hope they won't call me I'll tell em to send the product back!"
Hate,"Unit came with the wrong plug, will have to send back to Amazon."
Hate,"I will be returning this piece of garbage as soon as possible. With my lifetime Amazon spending approaching nearly $40,000, I’m sure I’m just a small customer to them, but I’ve rarely been so disappointed out of hundreds if not thousands of Amazon purchases.I have 8+ echos for home automation and bought this Echo Plus specifically for the built-in hub along with approximately $600+ in zigbee light switches. The voice control is subpar even when it works, and that is a rarity. Most often it does nothing. I could not be more disappointed with this product and strongly discourage you from investing in the Amazon/Zigbee ecosystem. If you value your money, and expect a working product then you need to look elsewhere"
Hate,Didn’t really work as smooth as they make it seem like.
Hate,"Got this a few months ago with the idea that it will help control my smart bulbs and be useful with answering questions and getting daily weather updates.It’s far from being useful.Half the time when you “wake” the device to ask a question or initiate a command, it doesn’t hear what you say and turns off. Basically ignoring you. Often she is unable to answer basic questions.It’s been so frustrating. Alexa has been more work rather than making my life easier.I would return it but I’m past the return period...... zzzz"
Hate,I will never buy anything Amazon makes again!This fire stick is not even a year old and it does nothing but restart and freeze up constantly. No warranty from Amazon in this should have been my first clue that it was a horrible device. I will never buy anything built by Amazon again.
Hate,"It still doesn’t work.  I bet if I call and let them know that, they will charge me for the 3rd time.  Ridiculous."
Hate, 
Hate,The Firestick we were sent doesn’t work. At all.  Voice remote won’t even turn on. We did all the troubleshooting steps. Didn’t work. Contacted Amazon. They sent us a new one - with no remote/no way to control it! We gave up and got a Roku (which works great!)
Hate,"My old amazon fire stick kept crashing when using Sling TV.I bought this one thinking the old one was defective.This one is doing the same thing. When going back into Sling, it starts up where I left off in the program."
Hate,Ordered 2 on deal day. 1 doesn’t work and 2 nd just went down after 2 days 😏
Hate,"I liked it until on day after a year it no longer worked, would not power up  and go past the firestick  logo on tv. Bought a second one, will not buy a third if this one doesn't last longer...."
Hate,It don’t show nothing
Hate,Garbage...Even trying to watch Amazon Prime Video this piece of garbage looses internet connection half way thru a show. The cheapest Roku works 100 time better. DO not waste your time or money on this piece of garbage.
Hate,Menu doesn’t work. Says it can’t connect to amazon network
Hate,I would love this remote if i wasnt spending so much money replacing the batteries. Its upsetting that i spent money on such a great device all for the batteries not to last.
Hate,Purchased to use on the road in my semi. Does not work in that application.
Hate,"Seems to work ok, but no youtube tv?  Really?  can't believe they would ban an app that so many people want to use.  I really wanted to like it, but when I couldn't install that particular app it became almost useless, almost.  Does most other stuff just fine, but I'll stick with my Roku."
Hate,"I am quite disappointed by this product.There clearly is a bug: half of the time I ask for a newsflash, two second after it starts, the whole thing stops and reboots for a couple of minutes. Same goes when I ask to play the radio. Also, many times it get confused when I ask to switch of &#34;the lights&#34;...as other items are also named the same, which is not true. Clearly no AI or natural language, very 'beta' stage still for me. Not impressed!"
Hate,"I reached out to Amazon, because the device wanted to sync my phone number but it would not allow because it said my number was already in use.  Customer service couldn't help they basically told me to contact Sprint to assist.  So Echo does the bare minimum without access to my phone for set up, so its kind of pointless to have and pay for."
Hate,I didn't like that almost everytime i asked Alexa a question she would say i dont know that or i havent learned that.
Hate,The volume is very low
Hate, 
Hate,Cheap and cheap sound.
Hate,Used twice not working!!!!!!!
Hate,This device does not interact with my home filled with Apple devices.  How disappointing!
Hate,"This worked well for about 6 months but then stopped connecting to the internet (wifi) and none of the trouble shooting efforts worked.  Amazon customer service couldn't help further and told me warranty was only 3 months, which was very disappointing, so they weren't willing to replace."
Hate, 
Hate,I am having real difficulty working with the Echo Dot. Alexi is not very smart. 9 out of 10 questions I have asked I get the &#34;I'm not sure&#34;  Half the time I am still asking the question and Alexi is saying &#34;I'm not sure&#34;. The music is great and works well for that. All in All so far it's been a very frustrating experience.
Hate,"I was really happy with my original echo so i thought I'd get an echo dot to use in my bedroom. I was really disappointed in the audio quality so I connected an external speaker via bluetooth. The audio was much better but I started having problems with it loosing connection with the wifi, presumably due to interference from the bluetooth. Then  I connected a speaker via the auxiliary jack. when i did that, the auxiliary jack picked up interference from the wifi and I was woken up in the middle of the night by a horrible buzzing sound. im hoping Amazon will take this thing back and give me a good deal on an echo spot which I hope will be a better nightstand device."
Hate,Echo Dot responds to us when we aren't even talking to it. I've unplugged it. It feels like it's &#34;spying&#34; on us.
Hate,NOT CONNECTED TO MY PHONE PLAYLIST :(
Hate,I didn’t order it
Hate,The product sounded the same as the emoji speaker from five below my sister has ... and even that one has Bluetooth and doesn’t need to be plugged in. The only good thing about this is that you can speak to it.
Hate,"I am quite disappointed by this product.There clearly is a bug: half of the time I ask for a newsflash, two second after it starts, the whole thing stops and reboots for a couple of minutes. Same goes when I ask to play the radio. Also, many times it get confused when I ask to switch of &#34;the lights&#34;...as other items are also named the same, which is not true. Clearly no AI or natural language, very 'beta' stage still for me. Not impressed!"
Hate,"I reached out to Amazon, because the device wanted to sync my phone number but it would not allow because it said my number was already in use.  Customer service couldn't help they basically told me to contact Sprint to assist.  So Echo does the bare minimum without access to my phone for set up, so its kind of pointless to have and pay for."
Hate,I didn't like that almost everytime i asked Alexa a question she would say i dont know that or i havent learned that.
Hate,The volume is very low
Hate, 
Hate,Cheap and cheap sound.
Hate,Used twice not working!!!!!!!
Hate,This device does not interact with my home filled with Apple devices.  How disappointing!
Hate,"This worked well for about 6 months but then stopped connecting to the internet (wifi) and none of the trouble shooting efforts worked.  Amazon customer service couldn't help further and told me warranty was only 3 months, which was very disappointing, so they weren't willing to replace."
Hate, 
Hate,I am having real difficulty working with the Echo Dot. Alexi is not very smart. 9 out of 10 questions I have asked I get the &#34;I'm not sure&#34;  Half the time I am still asking the question and Alexi is saying &#34;I'm not sure&#34;. The music is great and works well for that. All in All so far it's been a very frustrating experience.
Hate,"I was really happy with my original echo so i thought I'd get an echo dot to use in my bedroom. I was really disappointed in the audio quality so I connected an external speaker via bluetooth. The audio was much better but I started having problems with it loosing connection with the wifi, presumably due to interference from the bluetooth. Then  I connected a speaker via the auxiliary jack. when i did that, the auxiliary jack picked up interference from the wifi and I was woken up in the middle of the night by a horrible buzzing sound. im hoping Amazon will take this thing back and give me a good deal on an echo spot which I hope will be a better nightstand device."
Hate,Echo Dot responds to us when we aren't even talking to it. I've unplugged it. It feels like it's &#34;spying&#34; on us.
Hate,NOT CONNECTED TO MY PHONE PLAYLIST :(
Hate,I didn’t order it
Hate,The product sounded the same as the emoji speaker from five below my sister has ... and even that one has Bluetooth and doesn’t need to be plugged in. The only good thing about this is that you can speak to it.
